{
  "projects": [
    {
      "name": "FR Drops",
      "location": "France",
      "gl": "fr",
      "hl": "fr",
      "api_keys": [
        "046ed6c7e0199c407f2d53a727662d2fcbf3dfc9"
      ],
      "target_domains": [
        "brasseriepastis.fr",
        "villeneuvedascq-tourisme.eu",
        "vinylfactory.fr",
        "lerefugedestortues.fr",
        "babyride.fr",
        "marmott.fr",
        "citeseducatives.fr",
        "mokoloco.fr",
        "cheztheresa.fr",
        "chamoisniortais.fr",
        "midetplus.fr",
        "mobileconnectetmoi.fr",
        "leverrevole.fr",
        "lafetedesvoisins.fr",
        "earthship-sisters.fr",
        "vinylcorner.fr",
        "yogaplay.fr",
        "theatre-venissieux.fr",
        "tentazioni-bordeaux.fr",
        "promoconso.fr",
        "slpjplus.fr",
        "meilleur-trampoline.fr",
        "morbihanpaddletrophy.fr",
        "nouvelamour.fr",
        "deputes-les-republicains.fr",
        "selp.eu",
        "rougiers-infos.fr",
        "corlet-editions.fr",
        "neptunes-nantes.fr",
        "fofyalecole.fr",
        "grandcafedathenes.fr",
        "balsamik.fr",
        "campuslumieresdislam.fr",
        "la-revue-des-marques.fr",
        "portail-humanitaire.org",
        "proteme.fr",
        "pays-chateaubriant.fr",
        "legraindesel.fr",
        "serrurerie-brest.fr",
        "agencecru.fr",
        "lesouklille.fr",
        "ot-bargemon.fr",
        "20minutes-blogs.fr",
        "rlsports.fr",
        "palio-boulazac.fr",
        "batbat.fr",
        "videoeffectsprod.fr",
        "madeinbio.fr",
        "parishanoi.fr",
        "nekfeu.fr",
        "parc-mysterra.fr",
        "lamaisontellier.fr",
        "capaunord.fr",
        "mangas-vostfr.com",
        "espe-guadeloupe.fr",
        "idee-creative.fr",
        "sport-sante-paysdelaloire.fr",
        "bloomprod.fr",
        "la-mutinerie.fr",
        "golfchannel.fr",
        "reseau-apa.fr",
        "sistemic.eu",
        "letopduweb.fr",
        "circuit-de-la-sure.fr",
        "decadanse.fr",
        "rosieres-santerre.fr",
        "lacoopoccitanie.fr",
        "asso-afda.fr",
        "loirefootball.fr",
        "lalimentation.fr",
        "cpme-13.fr",
        "vera-app.fr",
        "decouvrezcequevousmangez.fr",
        "lagodiche.fr",
        "jeanette-restaurant.fr",
        "dijon-sportnews.fr",
        "tcra.fr",
        "angletjazzfestival.fr",
        "lafeelouise.fr",
        "marathondelespoir-sully.fr",
        "erquynox.fr",
        "editionscollectionsdememoire.fr",
        "hopenlife.fr",
        "123solaire.fr",
        "rendezvoustroglos.fr",
        "site-chinois.fr",
        "lesideescreadelo.fr",
        "les-bien-aimes.fr",
        "micho.fr",
        "snorzzz.fr",
        "equisports-montfort.fr",
        "bordeauxbeboat.fr",
        "innovergne.fr",
        "wijet.fr",
        "bistrotduboucher.fr",
        "luzipizza.fr",
        "lemanoirdeparis.fr",
        "point-smoke.fr",
        "rolf.fr",
        "imacantine.fr",
        "assistance-serrurier.fr",
        "jazzy-krampouezh.fr",
        "rcnm.fr",
        "concours-preuve-image.fr",
        "vosservicesadomicile.fr",
        "enviris.fr",
        "ledomainedeshirondelles.fr",
        "casino-en-ligne-legal.fr",
        "pastillesetpetitspois.eu.com",
        "proteme.eu.com",
        "nouvelamour.eu.com",
        "circuit-de-la-sure.co.com",
        "chamoisniortais.eu.com",
        "palio-boulazac.eu.com",
        "earthship-sisters.co.com",
        "actaneurologica.eu.com",
        "decadanse.co.com",
        "rlsports.eu.com",
        "pastillesetpetitspois.co.com",
        "circuit-de-la-sure.eu.com",
        "yogaplay.co.com",
        "vinylcorner.eu.com",
        "meilleur-trampoline.eu.com",
        "tentazioni-bordeaux.co.com",
        "sanleane.eu.com",
        "deputes-les-republicains.co.com",
        "corlet-editions.eu.com",
        "pastillesetpetitspois.us.com",
        "casinomobilefrancais.eu.com",
        "casinomobilefrancais.co.com",
        "proteme.co.com",
        "proteme.us.com",
        "circuit-de-la-sure.us.com",
        "casino.citeseducatives.fr",
        "casino.lafetedesvoisins.fr",
        "circuit-de-la-sure.cn.com",
        "goodclothesfairpay.eu"
      ],
      "keywords": [
        "casino en ligne",
        "meilleur casino en ligne",
        "casino en ligne france",
        "online casino",
        "casino online",
        "best online casino",
        "casinos en ligne",
        "online casinos",
        "meilleurs casinos en ligne",
        "top casino en ligne",
        "online casino france",
        "casino français en ligne",
        "casino en ligne français",
        "casino en ligne en france",
        "meilleur casino en ligne francais",
        "best casino online",
        "casino en ligne fr",
        "best casino sites",
        "meilleurs casinos en ligne francais",
        "paris sportif",
        "meilleurs sites de paris sportifs",
        "site de paris sportif",
        "site paris sportif",
        "meilleur site de paris sportif",
        "site pari sportif",
        "sites de paris sportifs",
        "site paris en ligne",
        "sites paris sportifs",
        "site paris sportifs",
        "site de paris en ligne",
        "site de paris",
        "site de pari sportif",
        "site de pari en ligne",
        "site de paris sportifs",
        "site pari en ligne",
        "meilleur site paris sportif hors arjel",
        "bookmaker hors arjel",
        "paris sportif hors arjel",
        "bookmakers hors arjel",
        "site paris sportif hors arjel",
        "book hors arjel",
        "paris hors arjel",
        "meilleur site hors arjel",
        "meilleur bookmaker hors arjel",
        "site de paris sportif hors arjel",
        "bookmaker hors arjel pour francais",
        "bookmaker hors arjel sans vpn",
        "nouveau casino en ligne 2025",
        "nouveau casino en ligne",
        "nouveaux casinos en ligne",
        "nouveaux casino en ligne",
        "nouveau casino en ligne francais",
        "casino en ligne nouveau",
        "nouveau casino francais"
      ],
      "pages": 4,
      "history_file": "serp_history_FR2.json",
      "output_prefix": "serp_top30_FR",
      "max_positions": 30
    },
    {
      "name": "NL Drops",
      "location": "Netherlands",
      "gl": "nl",
      "hl": "nl",
      "api_keys": [
        "046ed6c7e0199c407f2d53a727662d2fcbf3dfc9"
      ],
      "target_domains": [
        "dressesonly.nl",
        "nuspele.nl",
        "succesaward.nl",
        "tekkieworden.nl",
        "bierfestivalgroningen.nl",
        "isolatieprijs.nl",
        "dancefair.nl",
        "amsterdamartfair.nl",
        "dagvantoen.nl",
        "denoordwester.nl",
        "bestel-chocolade.nl",
        "mana-mana.nl",
        "heerhugowaardsport.nl",
        "meldkindersekstoerisme.nl",
        "sbggz.nl",
        "honeypie.eu",
        "ziedaar.nl",
        "actaneurologica.be",
        "jeroenmirck.nl",
        "tedxamsterdamwomen.nl",
        "europeanaregia.eu",
        "pandapunt.nl",
        "jointheswitch.nl",
        "restaurantby-us.nl",
        "arnocoenen.eu",
        "bruxelleslesbains.be",
        "foodbandits.nl",
        "dutchtechnologyweek.nl",
        "ltv.be",
        "restaurantlegarage.nl",
        "aanamstelveen.nl",
        "cafe-de-dokter.nl",
        "jouwzoekmachine.nl",
        "timmerhuisrotterdam.nl",
        "fotopocket.nl",
        "mistershi.nl",
        "amb-press.nl",
        "curriculumcommissie.nl",
        "xpospace.be",
        "vakantiesalon.eu",
        "nuspelen.nl",
        "kindertube.nl",
        "hemeltjelieffestival.nl",
        "promiss.nl",
        "groeiwijzer.nl",
        "houdtvaneten.nl",
        "bierliefde.nl",
        "landgoedwesterlee.nl",
        "ala-plancha.nl",
        "asogem.be",
        "hotelcathedrale.be",
        "salondesvacances.eu",
        "ehealth-monitor.nl",
        "vvalkmaar.nl",
        "barbaraeet.nl",
        "omnigen.nl",
        "woodandcolors.nl",
        "vestingstadaandebiesbosch.nl",
        "jumba.nl",
        "detweelinden.nl",
        "tijdelijkenatuur.nl",
        "theagenda.nl",
        "findujour.com",
        "managementenconsulting.nl",
        "theindieawards.nl",
        "plaatjesdump.nl",
        "kunstfortasperen.nl",
        "kwiezien.nl",
        "wwen.nl",
        "restaurantvandeleur.nl",
        "kunstcentrum.nl",
        "pikoteo.nl",
        "partycorner.nl",
        "loods-terschelling.nl",
        "geitenwollenwinkel.nl",
        "bluetick.nl",
        "governanceuniversity.nl",
        "stichtinglivingmemories.nl",
        "wauwwarenhuis.nl",
        "hunehuis.nl",
        "paardenveld.nl"
      ],
      "keywords": [
        "online casino zonder cruks",
        "casino zonder cruks nederland",
        "casino zonder cruks",
        "zonder cruks",
        "casino buiten cruks",
        "online casinos zonder cruks",
        "online casino nederland zonder cruks",
        "online casino no cruks",
        "nederlandse casino zonder cruks",
        "casino cruks omzeilen",
        "casino zonder gokstop",
        "casino online zonder cruks",
        "beste online casino zonder cruks",
        "beste casino zonder cruks",
        "casino no cruks",
        "gokken zonder cruks",
        "no cruks casino",
        "online casino illegaal",
        "gokstop omzeilen",
        "goksites zonder cruks",
        "casinos zonder cruks",
        "casino zonder cruks ideal",
        "bookmaker zonder cruks",
        "bookmakers zonder cruks",
        "bet sites zonder cruks",
        "voetbal wedden zonder cruks",
        "online casino buitenland",
        "beste buitenlandse online casino",
        "buitenlandse casino",
        "beste buitenlandse casino",
        "buitenlandse goksites",
        "beste online casino buitenland",
        "online gokken buitenland",
        "betrouwbaar buitenlands casino",
        "buitenlandse online casino",
        "casino buitenland",
        "buitenlands casino",
        "betrouwbare buitenlandse casinos",
        "buitenlandse casino online",
        "betrouwbare online casino buitenland",
        "online casino international",
        "buitenlandse casinos",
        "buitenlandse casino betrouwbaar",
        "online casino buiten nederland",
        "internationale goksites",
        "online casino belgie",
        "casino belgie",
        "belgium casino",
        "casino online belgie",
        "casino belgium",
        "online casino belgium",
        "casino belge",
        "online casino belgië",
        "casino belgie online",
        "casino online belgium",
        "casino belgium en ligne",
        "casino belgium online",
        "belgium casino online",
        "belgium online casino",
        "beste online casino belgië",
        "nieuwe online casino belgië",
        "casino online belgië",
        "casino be",
        "casino belgië",
        "online casinos belgie",
        "nieuwe online casino",
        "nieuwste online casino nederland",
        "new online casino",
        "nieuwe online casino nederland",
        "nieuw online casino",
        "nieuwste online casino",
        "nieuwe casinos",
        "nieuwe online casino's",
        "nieuwe casino",
        "nieuw online casino nederland",
        "new casino",
        "nieuwe online casinos",
        "nieuwe casino nederland",
        "nieuw casino online",
        "nieuwe casino's",
        "casino online nieuw",
        "nieuwe casino online",
        "nieuw online casinos",
        "new online casino nederland",
        "nieuwe nederlandse online casino",
        "casino zonder vergunning",
        "casino zonder nederlandse vergunning",
        "casinos zonder licentie",
        "online casino zonder vergunning",
        "casinos zonder vergunning",
        "casinos zonder vergunning in nederland",
        "online casino zonder licentie",
        "casino zonder licentie",
        "casino zonder nederlandse licentie",
        "casino zonder registratie",
        "geen account casino",
        "no account casino",
        "online casino geen registratie",
        "online casino ideal zonder registratie",
        "no registration casino",
        "no account casinos",
        "online casino zonder registratie",
        "gokken zonder registratie",
        "casinos zonder registratie",
        "online gokken zonder registratie",
        "nederlandse casino zonder registratie",
        "online casino zonder account",
        "paris sportif belgique",
        "site paris sportif belgique",
        "site de paris sportif belgique",
        "paris sportif en ligne belgique",
        "meilleur site de paris sportif belgique",
        "paris sportif football belgique",
        "meilleur site paris sportif belgique",
        "application paris sportif belgique",
        "paris sportif en belgique",
        "paris sportif belgique bonus",
        "meilleur application paris sportif belgique",
        "paris sportif france belgique"
      ],
      "max_positions": 30,
      "history_file": "serp_history_new.json",
      "output_prefix": "serp_top_40_NL"
    }
  ]
}